{
  "hash": "c1bb0094",
  "configHash": "d4ec9b09",
  "lockfileHash": "e4ae7819",
  "browserHash": "e2b07be6",
  "optimized": {
    "react": {
      "src": "../../react/index.js",
      "file": "react.js",
      "fileHash": "fdbe1f5f",
      "needsInterop": true
    },
    "react-dom": {
      "src": "../../react-dom/index.js",
      "file": "react-dom.js",
      "fileHash": "f2f824bb",
      "needsInterop": true
    },
    "react/jsx-dev-runtime": {
      "src": "../../react/jsx-dev-runtime.js",
      "file": "react_jsx-dev-runtime.js",
      "fileHash": "d9441edf",
      "needsInterop": true
    },
    "react/jsx-runtime": {
      "src": "../../react/jsx-runtime.js",
      "file": "react_jsx-runtime.js",
      "fileHash": "d0eb2230",
      "needsInterop": true
    },
    "react-dom/client": {
      "src": "../../react-dom/client.js",
      "file": "react-dom_client.js",
      "fileHash": "afc188ab",
      "needsInterop": true
    },
    "react-router-dom": {
      "src": "../../react-router-dom/dist/index.mjs",
      "file": "react-router-dom.js",
      "fileHash": "b74e35d2",
      "needsInterop": false
    },
    "lucide-react": {
      "src": "../../lucide-react/dist/esm/lucide-react.js",
      "file": "lucide-react.js",
      "fileHash": "db36758f",
      "needsInterop": false
    },
    "axios": {
      "src": "../../axios/index.js",
      "file": "axios.js",
      "fileHash": "b4dd73f2",
      "needsInterop": false
    }
  },
  "chunks": {
    "chunk-NUMECXU6": {
      "file": "chunk-NUMECXU6.js"
    },
    "chunk-RLJ2RCJQ": {
      "file": "chunk-RLJ2RCJQ.js"
    },
    "chunk-DC5AMYBS": {
      "file": "chunk-DC5AMYBS.js"
    }
  }
}